ID,Original_ID,Input_rho_s,Input_rho_l,Input_cp_s,Input_cl_l,Input_k_s,Input_k_l,Input_Lf,Input_wt,Input_Tm,Input_dT,Output_Tout,Output_LiquidFrac,Time_Cost_s,TimeSeries_File,Original_TimeSeries_File,Status,Output_TotalEnergy_MJ
1,1,867.5566844381267,784.9562347433182,2039.9875457723683,2164.367375384045,0.2493428482905064,0.1478801158441066,183.4925754125296,0.1698488172169192,20.086463373708256,5.635056882065854,34.226711763002186,0.9972688898578604,57.860092639923096,ts_0001.npz,ts_0001_20260211_140151.npz,Success,327.63582704074156
2,2,918.2938103252116,845.5185486043009,2386.2222950662785,2467.55136638506,0.2087619233101419,0.1402509473097113,234.88531736448928,0.1688617550458349,20.33349981074195,3.673429065494946,34.06782602041994,0.9648342888683062,62.36306142807007,ts_0002.npz,ts_0002_20260211_140249.npz,Success,371.45447142129217
3,3,809.9911211918551,787.3424952268372,2138.0472441144902,2371.503468384914,0.2119409456435026,0.1520223007937388,244.1527813104243,0.2081998819774942,22.03344219489999,4.381941787367477,33.8632615741854,0.6826391206849761,61.02124381065369,ts_0003.npz,ts_0003_20260211_140351.npz,Success,426.90122967502305
4,4,865.5123614204299,797.8015985313584,2287.7134056518107,2309.941696173344,0.2454078933156626,0.1421459211829187,179.47279941464768,0.1512280246845259,23.806107354181563,6.604220474633111,34.01867502697246,0.7278017095364585,61.11202907562256,ts_0004.npz,ts_0004_20260211_140452.npz,Success,375.0905566573409
5,5,861.8665633242907,846.3661015030104,1988.110365879472,2024.542363855198,0.245877123059121,0.1580045636889943,192.56389329971933,0.1466165357814942,21.158243635314363,3.9411279572203504,34.06869730829084,0.9809126329698048,62.12847447395325,ts_0005.npz,ts_0005_20260211_140553.npz,Success,379.5579567379046
6,6,917.85564343009,767.9898160833219,2188.399192009017,2329.6632406445274,0.2196593666945416,0.1964522602252937,233.08640041385587,0.206706719704078,22.41799496087934,4.236851750241665,33.877434074090445,0.662958556612581,60.669410705566406,ts_0006.npz,ts_0006_20260211_140655.npz,Success,421.22843915889155
7,7,804.7553503878316,803.9876159733641,2299.463218935112,2515.7453877814746,0.2250180581580671,0.1738356782640722,209.6162580433502,0.140977992056961,20.720983982864308,5.415227695249763,34.13591905753907,0.9909018954288176,59.773232221603394,ts_0007.npz,ts_0007_20260211_140756.npz,Success,363.0862523942918
8,8,861.3606319100581,822.0891281121367,1894.4099478456017,2451.1509998104543,0.2041082295517442,0.1977961854368158,195.2691442661719,0.16506324459572,24.029867043719857,6.75058039089605,33.989751909598226,0.6568447807111536,61.79699563980103,ts_0008.npz,ts_0008_20260211_140856.npz,Success,381.114294655893
9,9,869.8446765582767,781.6677071588897,1860.0975235855904,2487.767048835964,0.2320006399558471,0.1638003055248692,170.85204288026415,0.1268749359822007,20.23253165982774,4.757941739441343,34.23332972308873,0.999305894818524,60.78875875473023,ts_0009.npz,ts_0009_20260211_140957.npz,Success,319.04579572758666
10,12,894.3182928545964,751.468520474291,2199.708792139079,2283.457705126923,0.2192160843410243,0.1843279788461306,166.9091056589815,0.1446106601981437,22.066524769513748,5.63239564430614,34.05976510325837,0.9360199469328196,118.72029519081116,ts_0010.npz,ts_0012_20260211_141516.npz,Success,376.5139054632139
11,14,872.5588560368159,836.3878561923185,1951.2259887884504,2591.201430241458,0.2383385692638519,0.1515073744197898,242.65664443281256,0.2349059132759748,20.86230792475273,6.97485725217253,33.97232082662924,0.8731341521758018,65.64744472503662,ts_0011.npz,ts_0014_20260211_141924.npz,Success,398.2572989555993
12,16,931.1611827176256,790.6056519921806,2339.258882368081,2544.765296019412,0.2486165592010375,0.1614901513215419,217.770594689176,0.1285945085518547,21.09599106523297,5.148715385722317,34.08175400154829,0.9850522197425348,59.528770446777344,ts_0012.npz,ts_0016_20260211_142237.npz,Success,378.45319391284687
13,17,904.415172766197,798.2986475653065,2064.8629862870644,2588.015534278259,0.2141978823720904,0.1714089293870466,225.52096419390296,0.2448896367712604,21.764284039976665,6.203299802040302,33.886118155884446,0.7114559747317674,60.3163058757782,ts_0013.npz,ts_0017_20260211_142337.npz,Success,420.01227549442604
14,20,849.5344867222252,788.4475323701093,2335.8137121806085,2383.191774883302,0.2144433628867784,0.1974206341843102,211.44875797495305,0.1354962175134154,22.622094808427583,5.554060579184476,33.98838877309015,0.8347491147515331,96.64723324775696,ts_0014.npz,ts_0020_20260211_142854.npz,Success,393.628954894468
15,22,935.8781779301594,808.511401411531,1898.464750668517,2486.4561011391693,0.2071709929904921,0.1509611841783405,230.7535024334053,0.1612030272821213,20.927348647213865,6.698252033398553,34.05400988117702,0.9656535682438364,49.98227071762085,ts_0015.npz,ts_0022_20260211_143238.npz,Success,380.7801223400235
16,23,935.6443574928,820.6321992158427,2385.1696972922723,2427.0615180829263,0.2481498551105623,0.1912453689649091,208.8865765748828,0.2307192642342269,22.01313257790052,4.710085821790404,33.88455185967564,0.6927769763406735,50.895567417144775,ts_0016.npz,ts_0023_20260211_143328.npz,Success,422.3508409565417
17,27,938.0078820490752,780.4201185156925,2338.558432321362,2528.908955671278,0.2388360565437207,0.1503262559822859,210.5862566444854,0.1696560083504842,21.20855220659094,4.463936939874484,33.99853859755393,0.9216886980890828,48.97035813331604,ts_0017.npz,ts_0027_20260211_144039.npz,Success,394.22015052317977
18,28,936.8419085772384,838.4716188731645,1824.659525935844,2308.41536106416,0.2450413750032706,0.1817989876565783,241.0850764421189,0.1310501716006259,23.05086238388848,4.485576978990121,33.96175763987378,0.7635187916611744,51.26804542541504,ts_0018.npz,ts_0028_20260211_144128.npz,Success,395.9620582829823
19,29,853.4700686588777,770.065922345415,2006.4352570541791,2517.156427577684,0.245603838474337,0.1676243400629329,209.9047821897032,0.1684193683363081,22.20177322160872,6.400892685624331,33.96436430711884,0.8170314173245782,48.74640440940857,ts_0019.npz,ts_0029_20260211_144219.npz,Success,401.2879232611083
20,30,880.7267616909447,782.6618882499195,2192.823593849806,2217.6355259149764,0.2423008577212193,0.1779341639831807,222.44689864932428,0.1561617527445175,20.0973052713815,6.242752559500639,34.19714630855725,0.99593824232293,50.875079870224,ts_0020.npz,ts_0030_20260211_144308.npz,Success,340.88336352606996
21,31,878.8161567687732,785.6419676261519,2297.2492512177146,2401.522806346496,0.2301169030734485,0.1638800369550559,159.65591706102364,0.1778452183353705,24.298581161067524,5.12404813251437,34.03041725902517,0.6560260380358421,48.70327925682068,ts_0021.npz,ts_0031_20260211_144359.npz,Success,364.70104842853914
22,32,871.3964715483579,759.5439798812926,1995.962659679976,2326.835711797006,0.2330748992727754,0.1499037509372472,208.8322007367004,0.131928191745459,20.8192730006881,5.213559224056832,34.142462325894314,0.9906802351469004,48.97516942024231,ts_0022.npz,ts_0032_20260211_144447.npz,Success,362.49651788670144
23,33,919.6434519820192,793.4918574247051,2103.602012549455,2396.4415709002583,0.2076267338262369,0.174030022574212,151.96107659514624,0.1968808223792679,24.998171809282567,5.32127442099245,34.05160390960208,0.569859631948511,48.77114987373352,ts_0023.npz,ts_0033_20260211_144536.npz,Success,353.61752359455255
24,34,894.5540429970561,758.3341545977695,2099.794319904987,2171.1149131873885,0.2474473248804448,0.1664998107450082,199.74017392632555,0.147476875362793,22.24031044390797,4.925629014349564,33.99420178644812,0.8621009072298823,50.68154239654541,ts_0024.npz,ts_0034_20260211_144625.npz,Success,395.1156850762903
25,38,899.769340252654,758.1565712685777,2094.7258675817184,2241.1594802623026,0.2288046807799893,0.1562990623501701,169.23715259380663,0.1444595697701841,21.42933315627603,5.536145710234138,34.10366041882156,0.9814520597579444,49.50315022468567,ts_0025.npz,ts_0038_20260211_145335.npz,Success,367.94493290778513
26,39,918.3833713739596,842.0407702722628,2223.524528014916,2426.437480739698,0.2291093548422097,0.1567293735619722,217.1298435305632,0.1498532900367578,23.233203817939312,3.684800016910413,33.970636738166206,0.7326328261916346,51.10130333900452,ts_0026.npz,ts_0039_20260211_145425.npz,Success,388.95819248182914
27,40,809.9357317048756,756.442113590252,2306.9946142850185,2447.1717806378724,0.2186826684507716,0.1836612531538268,188.38692255733667,0.1944980051660761,24.532974973451115,6.614899241591136,33.99200631437725,0.5673179699742672,48.963900327682495,ts_0027.npz,ts_0040_20260211_145516.npz,Success,376.1037885529209
28,41,836.5931451278187,834.0667663950616,1946.3413576621767,2279.929622518056,0.2216801466291277,0.1697633366535699,168.11981180825777,0.179816867161373,23.695781722846945,4.773751039106682,34.01084661903809,0.7051847863991869,47.9861147403717,ts_0028.npz,ts_0041_20260211_145605.npz,Success,373.804627650681
29,42,921.1483057758998,844.5620552036843,2350.5555892824154,2456.765488946756,0.2089670023017112,0.1708644517942288,232.75341516341155,0.1038694041072191,22.39040060267554,3.5256044406118447,34.0496576930916,0.9370914887922396,49.03372669219971,ts_0029.npz,ts_0042_20260211_145653.npz,Success,364.55192491876926
30,43,936.3011766861096,818.631134078282,2180.1208607753188,2463.238892849191,0.2283129102940067,0.1923816729625022,157.57099806312436,0.1594474122715064,20.69866019772701,5.419776038336284,34.17937496639007,0.9931922464993602,50.5639877319336,ts_0030.npz,ts_0043_20260211_145742.npz,Success,345.17909614245025
31,44,818.1902154368001,792.3901864715706,2210.73092252735,2436.2563298854416,0.2098162630950343,0.1562910324641213,154.79883368218526,0.1207008931174672,22.40734150499941,5.787997621050186,34.10462085865316,0.9585890497033642,52.9798469543457,ts_0031.npz,ts_0044_20260211_145833.npz,Success,361.75043833271076
32,47,887.3741701819156,765.2821509127883,2276.84267256398,2402.265172495674,0.2275501134851197,0.1550415420608597,222.15346508049527,0.1771985227086291,21.4135185475739,6.030163489230624,33.97589628539521,0.8810128328111889,49.2356424331665,ts_0032.npz,ts_0047_20260211_150342.npz,Success,400.94953649896377
33,48,927.2921742153897,751.0971082930795,2378.0276085143614,2573.8392567914943,0.2490853280308778,0.1653356409280598,218.1941433415942,0.2155178144593234,21.53341217802861,5.544074922665885,33.92706258132404,0.7979059409082042,49.05538487434387,ts_0033.npz,ts_0048_20260211_150431.npz,Success,409.8609015885548
34,49,834.6365296300125,823.6448282282329,1911.2621188920727,2155.6071230706684,0.2110593319686398,0.1473343062589308,156.12533906058675,0.1689569230181876,20.714882242491075,6.751365268434987,34.184793043876994,0.9923366357045098,49.04412603378296,ts_0034.npz,ts_0049_20260211_150520.npz,Success,341.67823847089784
35,50,862.7760197934462,806.2260949047393,2186.660348286094,2367.889093332716,0.2090527284393794,0.1842036477332511,226.8869106996023,0.1108006229596753,20.26356973053459,6.689235950595748,34.211765359210915,0.9970448975599132,49.28870940208435,ts_0035.npz,ts_0050_20260211_150609.npz,Success,334.12781821817345
36,52,873.0876501679429,777.3973285746896,1989.8294772665568,2065.334890525574,0.2342306793117555,0.1502962202212115,177.73611494809342,0.1039062849915988,23.39950738352958,4.8646964733647895,34.081849400644444,0.8904857290627284,49.07506227493286,ts_0036.npz,ts_0052_20260211_150906.npz,Success,359.4058586392804
37,53,876.1777283920504,802.8255709393525,2140.214100871829,2456.827043202228,0.2226700080438137,0.1664600317958855,231.40918595205383,0.1853936657001619,22.9233259452852,6.744866201568513,33.90610654273877,0.6687262201169978,48.9877519607544,ts_0037.npz,ts_0053_20260211_150955.npz,Success,412.70485454214526
38,54,829.7387149248691,762.1474678447664,2069.611768038045,2267.206548267713,0.2344124502369306,0.1800931928951833,248.94843358048743,0.2039194682937095,24.185751031478823,5.566555954055613,33.9116051677355,0.5042011133774545,48.990962505340576,ts_0038.npz,ts_0054_20260211_151044.npz,Success,399.82688988628837
39,57,882.6828056162102,797.2226752656591,1853.1269650467905,2540.1907584133987,0.2007443866523788,0.1470554899613038,171.56514687036673,0.2206664041202271,24.81886799470199,4.639368502802098,34.02462086418711,0.5570354500405267,50.91568541526794,ts_0039.npz,ts_0057_20260211_151546.npz,Success,346.1776063257706
40,59,890.8017217858389,836.6974758548796,1907.686935232924,2256.347444261634,0.2199012344864009,0.1690133494791487,181.05360159820776,0.176299142899404,20.21812870286164,5.221107190123762,34.212894375142184,0.9960092932908612,48.93963646888733,ts_0040.npz,ts_0059_20260211_151843.npz,Success,334.7306057089914
41,64,904.3558135482798,803.0131067812209,1818.6586580029448,2495.325187576053,0.2307313118984496,0.1802705181943015,158.33813228841376,0.1555312084312136,24.873361614915574,6.531358633666301,34.06247652723681,0.6465177443922622,48.89048957824707,ts_0041.npz,ts_0064_20260211_152758.npz,Success,353.9949436093958
42,66,858.5870762795479,821.3051946262397,2109.5688291878523,2454.0136041195246,0.2135930945337542,0.1683700169955984,154.84613643543432,0.1255344193818219,23.52426768902961,3.3995544929207164,34.06557380746688,0.8539575078272672,50.85606408119202,ts_0042.npz,ts_0066_20260211_153054.npz,Success,367.1709556117557
43,67,874.823932719178,762.3361175221949,2203.327608478393,2594.02877674554,0.2416815515516489,0.1823256648133491,150.61078103431538,0.1554128743194038,22.453626735823907,3.556513768057974,34.08072310969692,0.929646613343161,48.757453203201294,ts_0043.npz,ts_0067_20260211_153145.npz,Success,353.801485097116
44,68,926.373389943034,751.7675819020325,2306.4595060484035,2368.62103618778,0.2367914817010745,0.1678093426670851,209.7339594402086,0.1690577960186877,21.55406281122411,6.629752607472904,34.00175120165687,0.8992186302342771,48.820841789245605,ts_0044.npz,ts_0068_20260211_153234.npz,Success,392.8939864201111
45,70,933.2180894594492,811.1368862816065,2283.0937936383216,2355.3180540044023,0.2262256458797825,0.1919603899621626,227.2488944617293,0.2084598815208785,20.88689415011058,6.629006903597786,33.99956219630798,0.914253858752324,48.81795835494995,ts_0045.npz,ts_0070_20260211_153529.npz,Success,392.76073561084826
46,71,851.8585117788055,819.8647358526147,2281.4693627394977,2521.233087747976,0.2323965390813631,0.1406745688982091,171.88605090404027,0.110647384778799,24.16045995747577,6.945645340509743,34.078304081592364,0.7933265528593454,50.809326171875,ts_0046.npz,ts_0071_20260211_153618.npz,Success,356.5076462641337
47,72,862.3469100591897,761.8070564673953,2278.350448122504,2517.1761571097386,0.2264732698053108,0.1491626606505429,210.76759006269492,0.1997224522433826,21.87619325309052,4.241949642408181,33.91263242625604,0.7571185480748428,48.715564489364624,ts_0047.npz,ts_0072_20260211_153708.npz,Success,418.48060078230844
48,73,911.5138950211322,835.8588125522177,2082.379083107289,2110.821900632812,0.2475306643684255,0.1692150779015587,221.10801809317493,0.1801232539234169,23.75885263810092,5.730673002984783,33.93831593047781,0.6101901839486683,48.82405495643616,ts_0048.npz,ts_0073_20260211_153757.npz,Success,396.17715009987296
49,74,840.8093647886988,759.0891387872605,2367.3869593225486,2427.8955139017226,0.2380639461968513,0.1718199495027979,236.92721262175195,0.2060745801488941,21.11820451030104,6.30512297709379,33.95733191493497,0.8672559994504864,48.9238977432251,ts_0049.npz,ts_0074_20260211_153846.npz,Success,404.9407666987005
50,75,866.9096857916082,772.135702481633,1973.344319855112,2504.0466425772115,0.2403468606216061,0.1894269981011093,242.18485943002432,0.179865887991986,22.28643560473844,6.384330517948694,33.89944589801252,0.7341678038486391,49.92869782447815,ts_0050.npz,ts_0075_20260211_153935.npz,Success,418.79675015028573
51,77,835.1724658382443,770.180645055784,1998.5031683743728,2303.4350188577487,0.2170630795547684,0.1624354745551829,198.87263174306176,0.112454348983064,24.42573398197327,4.488791919316792,34.053817235712074,0.7367820710960455,48.05894160270691,ts_0051.npz,ts_0077_20260211_154232.npz,Success,354.6580162458062
52,78,850.1821835990612,800.2340073993804,2379.099101251192,2573.631801108744,0.2064422967708563,0.19988107557925,203.76148577156707,0.2023958290135076,24.53715403835256,5.305788490240259,33.96984982878803,0.5277775227761073,49.05152583122253,ts_0052.npz,ts_0078_20260211_154320.npz,Success,380.40112718948285
53,80,911.6397572725184,756.6417016799262,2016.2341956130736,2322.33009648805,0.2414364899676258,0.1935633349261257,160.58208835052275,0.127242996325421,23.86865562618016,3.1233911487014687,34.08040521148189,0.833265539983472,50.89162015914917,ts_0053.npz,ts_0080_20260211_154616.npz,Success,347.54919741285266
54,81,847.17251378673,798.8928266073734,2322.292523123905,2472.514222570276,0.2159045892719751,0.1798355553500298,161.74865413324633,0.1531300744308938,20.4446396163126,5.694502887399015,34.210796044018366,0.9959260606977351,48.80230045318604,ts_0054.npz,ts_0081_20260211_154707.npz,Success,334.1234585893826
55,83,841.9755619996682,827.2475886580164,1851.1760964558257,2010.14382567024,0.2355816935096263,0.1984954213541346,191.34544166375665,0.1010476510014469,20.01156737820458,3.401666317659492,34.23210727488794,0.999999999014898,48.84310555458069,ts_0055.npz,ts_0083_20260211_155002.npz,Success,314.9881735664929
56,84,877.2166357095656,782.0501459381545,2043.044536227211,2081.173927375994,0.220902826206921,0.1701137799671994,201.59759883552235,0.2225227698941418,23.08989693166329,4.086040397752136,33.92983574866747,0.6272406902200792,48.68812561035156,ts_0056.npz,ts_0084_20260211_155051.npz,Success,399.48419538625524
57,87,849.7673191776482,847.1308430958582,2153.8628118477704,2332.9618126175733,0.2406279148087314,0.1572756618785406,162.88159183389942,0.1721608215795171,22.325182426141183,6.339063104969733,34.029400573291696,0.8697150251452609,48.89531302452088,ts_0057.npz,ts_0087_20260211_155552.npz,Success,381.3437542837167
58,88,853.7010462806559,807.6920058318036,2142.375687041683,2352.49971656301,0.234086906350276,0.1568638044768505,171.67122157148842,0.1449419361581384,24.11756093052879,3.72880553685249,34.10090532549134,0.8024864533284267,71.82802510261536,ts_0058.npz,ts_0088_20260211_155641.npz,Success,329.52183728693865
59,89,872.2537024809013,843.7562628986668,2074.609379355332,2378.7381564971206,0.202856427887594,0.1636597443916489,167.08127158387782,0.1290035165565666,20.023650590510563,5.93834202538744,34.2401387415448,0.9993968561090149,48.60692071914673,ts_0059.npz,ts_0089_20260211_155753.npz,Success,313.32532992769575
60,91,881.0583625432326,764.0658348383668,1819.8694572252564,2179.0268666533834,0.2229564304279535,0.196685485204433,234.4281268262889,0.1166795700619438,24.313610973661383,6.566607427436622,34.004396651440345,0.6822693374684432,48.84879660606384,ts_0060.npz,ts_0091_20260211_160048.npz,Success,376.6522637879829
61,92,839.174216506559,767.5320675657424,2379.5552128355007,2531.793858794894,0.2154464216730834,0.1787509240232837,179.94237653636654,0.1980410858366684,20.897841290482752,4.372623377176329,34.050962135955615,0.9641626731472952,48.68840837478638,ts_0061.npz,ts_0092_20260211_160136.npz,Success,379.1517403176798
62,93,887.4321437662907,839.5137473982858,1914.433580425243,2059.021615830398,0.2265083707232628,0.1443032620751416,233.2617452663119,0.1823606196621885,23.496418974500795,4.597274221267485,33.92199672877388,0.6115617530438671,47.91543650627136,ts_0062.npz,ts_0093_20260211_160225.npz,Success,401.55045001807065
63,94,842.6894626171975,751.3860469478332,2347.877890900177,2448.3783604494365,0.247727325829252,0.1541098949013397,240.2356683906713,0.1651481924341223,22.39082287205405,5.932197502990134,33.912003859848255,0.7470747783468797,48.95082139968872,ts_0063.npz,ts_0094_20260211_160313.npz,Success,415.71827448683837
64,98,851.8785803375849,767.7024369649235,2320.3842918541577,2514.461556342226,0.2499446939066925,0.1439173005314317,231.28598977397505,0.1549538658426517,24.539935362532454,6.575378257885546,33.9682200192957,0.5722112056140608,49.16862773895264,ts_0064.npz,ts_0098_20260211_161023.npz,Success,384.1187456476527
65,99,931.8347040612194,805.9143687577446,2078.939279221793,2230.3252159973035,0.2454101222067587,0.1733475417147121,186.70746429473616,0.1950226972281228,21.38142566186169,4.129974143541016,34.01196995116561,0.905133018679266,49.09819984436035,ts_0065.npz,ts_0099_20260211_161112.npz,Success,379.5659990646685
66,100,903.1380573951257,833.7771608788254,2163.6456583506247,2334.0935815378098,0.2045101550681348,0.1604269350976234,234.82080880885155,0.1649550331524713,24.156304694201804,6.371647456188593,33.94748938951807,0.587663889132624,49.0674216747284,ts_0066.npz,ts_0100_20260211_161201.npz,Success,392.45277280924194
67,101,893.9306657666376,795.4326083749384,2240.0110966656075,2319.593197919358,0.2295130007394331,0.1603392273712451,180.04377164723795,0.2394349465828026,20.57001577630058,5.055029487642099,34.07524524186698,0.9686472466920556,49.054757595062256,ts_0067.npz,ts_0101_20260211_161250.npz,Success,370.6532068534028
68,103,929.5453846820304,767.6662686060614,1914.1761448058785,2576.402382865447,0.2078162292798809,0.1521860651431621,192.6934131028121,0.1741906738531079,21.2011122109399,4.202124765042173,34.03857032623523,0.9483255109842272,49.8919198513031,ts_0068.npz,ts_0103_20260211_161546.npz,Success,376.84758944339194
69,104,888.9467324407891,814.9995083575647,1999.038375096821,2273.983809353278,0.2124710166245715,0.1748628747273202,183.18748872743924,0.1911345935126857,24.470967436173154,5.2095156529284345,34.002307418469684,0.5832421164331646,48.77461791038513,ts_0069.npz,ts_0104_20260211_161636.npz,Success,371.5467597257413
70,106,918.424723321295,759.0074707297674,2211.270508453033,2325.2060958603206,0.238934378547249,0.1491695400093914,214.0845976495908,0.1529947681176237,20.143555437584887,6.5822184298215225,34.199082885311384,0.9958000411488204,48.80776834487915,ts_0070.npz,ts_0106_20260211_161931.npz,Success,339.46658262392253
71,107,943.3283137671816,763.6544382648611,1964.81082578574,2525.258415958475,0.2009673253066479,0.1636118137369043,204.41987587674907,0.1780359542526893,21.872921249030345,6.498760767418909,33.9787794149056,0.84917924938826,47.740936517715454,ts_0071.npz,ts_0107_20260211_162019.npz,Success,397.6300249570725
72,108,947.1835362243304,793.071662577734,2118.25282135786,2542.5925623612466,0.227149488819813,0.1940787088068061,164.7676793430564,0.2215267890187295,20.882315629131018,6.4269943472533,34.08978604406707,0.968072046553549,47.8808319568634,ts_0072.npz,ts_0108_20260211_162107.npz,Success,365.5779651521174
73,109,896.6442132266469,754.6886773313128,2229.3082222466096,2329.230741455148,0.2372197964996631,0.1720114738312635,244.16710798604004,0.1444905703782842,22.39662179897803,3.871762652997993,33.93375680640503,0.782220863139247,48.89912343025208,ts_0073.npz,ts_0109_20260211_162155.npz,Success,410.8489363839233
74,110,859.2803384050309,810.000556779903,1978.1431253135968,2528.8706544548886,0.2470751404882456,0.1648209420115959,161.29166058547293,0.1507100093761836,20.01829210068707,5.986617643677795,34.241391169797566,0.9990029967280256,47.76541447639465,ts_0074.npz,ts_0110_20260211_162244.npz,Success,314.61044968711485
75,112,892.0757859294495,757.9890665731856,2210.2824810888897,2398.1109592799885,0.2456595069740056,0.1914434189015417,153.67067686714947,0.1653990173973125,23.35715869286549,4.770736459834107,34.037304849416216,0.7950437036772439,48.80099868774414,ts_0075.npz,ts_0112_20260211_162538.npz,Success,369.6423465381449
76,113,949.7319536822248,824.8204485901174,2109.3340021929894,2259.649402936956,0.2094441385427224,0.1760960545322061,197.00986955846128,0.1189491663093308,21.044939528404743,5.930764935307804,34.1505713229223,0.9904369146593496,48.720292806625366,ts_0076.npz,ts_0113_20260211_162627.npz,Success,357.5616173166731
77,114,904.6763794475908,777.8131157878697,1800.819417894277,2461.549741429538,0.2113911702075218,0.1671495720410162,180.7953541004126,0.1799005699641765,23.02888487947345,6.2665592592429045,33.987046865869274,0.7518410158878538,48.66607403755188,ts_0077.npz,ts_0114_20260211_162716.npz,Success,388.6317189689992
78,115,870.0170571432819,824.2379792068004,1917.013220026152,2204.303281843092,0.2320336311585027,0.1588758155188136,221.3472225762643,0.246469752672882,22.58662957917308,4.10457248619899,33.885312063248364,0.6060581574802016,48.674516677856445,ts_0078.npz,ts_0115_20260211_162804.npz,Success,415.2787128900053
79,117,842.9429406267442,763.4226004362619,2362.37778519469,2555.682081632074,0.2031053654572914,0.1993376337215784,207.08891272281403,0.154981051905906,22.409021740311,4.399476784459102,33.948677639832965,0.7982248701572422,49.64414167404175,ts_0079.npz,ts_0117_20260211_163059.npz,Success,408.41547019851413
80,118,804.6584605704559,757.6625357026762,2140.896059494826,2208.445490995233,0.2028952797244734,0.150832981639818,188.22252416665765,0.1203594841296165,21.34520170304212,4.483666031001572,34.110801439847705,0.9860892772340156,49.62309980392456,ts_0080.npz,ts_0118_20260211_163149.npz,Success,367.9709871276677
81,119,825.3213326059674,785.8745675514677,2348.887445654029,2515.5405761030106,0.2135871299809493,0.1582610485853454,155.82706156363892,0.2089018601865835,22.7707005067635,6.971349422293675,34.00600283773923,0.7731684520116562,50.19542217254639,ts_0081.npz,ts_0119_20260211_163239.npz,Success,383.35301387164026
82,120,928.1601935274738,821.738344616584,1918.151871241252,2083.2174368263263,0.2220909460610772,0.1474299973177396,172.27493987088715,0.1931075010558592,20.021942778050988,4.972596741719791,34.229640916179505,0.9978991263808576,55.47636961936951,ts_0082.npz,ts_0120_20260211_163329.npz,Success,322.76911825297276
83,121,820.6925525940183,799.2161837032453,1861.2325678465072,2391.247269048335,0.2080960909435182,0.1423846852975523,156.55022522500326,0.1073203385265752,20.92936059583749,2.564334296528852,34.18223394893204,0.9952500842114864,59.8457715511322,ts_0083.npz,ts_0121_20260211_163424.npz,Success,334.1049083429933
84,122,941.252513242513,793.1752048037823,2074.64754270194,2594.452380451187,0.2225842220302047,0.174493379631374,163.63324533307943,0.135093808412086,20.59193892050773,4.331043096500294,34.200417983910654,0.9962355278960214,56.63922739028931,ts_0084.npz,ts_0122_20260211_163524.npz,Success,335.6162361202809
85,123,890.0538020325249,828.9058085649431,1814.0033358535363,2326.801050963293,0.212324707484217,0.1796038352048419,211.8803129669764,0.1067561068938482,21.621049378963463,4.205064842894523,34.079928134277225,0.981134815890326,51.43792533874512,ts_0085.npz,ts_0123_20260211_163621.npz,Success,381.0376271943259
86,125,949.8456654309864,798.480061935594,1971.690997797244,2269.9749696866284,0.2406284768718299,0.1943200714691503,214.0442310714669,0.2103105817014248,24.70110864109851,4.178336828859849,33.97598997097572,0.5123526340198877,52.86895155906677,ts_0086.npz,ts_0125_20260211_163919.npz,Success,369.90068727900024
87,126,904.7819726470932,799.0545047038337,2137.61668604056,2540.052653391525,0.2396928323965479,0.1950709906297611,187.21882707297183,0.1093110424596854,23.51512798773449,6.166089915703864,34.05874125700916,0.8464326331330029,48.719160079956055,ts_0087.npz,ts_0126_20260211_164012.npz,Success,366.95077812293215
88,127,832.2520064469123,753.8453260263965,1977.8513611017624,2227.72980060724,0.203065998693189,0.1724649946367572,181.08908538307656,0.1832764805452453,23.418138731485893,5.563073427911658,33.98585711047025,0.7044252854878135,47.847994327545166,ts_0088.npz,ts_0127_20260211_164100.npz,Success,384.6074875846396
89,128,866.0875026000201,809.1576724077862,1808.5572119434487,2051.662306449071,0.216306092957234,0.1589833288839474,158.50615017648423,0.1085072342927207,23.024603759284343,6.444480166476897,34.109320170091564,0.9296759272352748,48.85328817367554,ts_0089.npz,ts_0128_20260211_164148.npz,Success,355.86095819862055
90,129,813.1659356769328,802.0664794595752,2004.578376819488,2475.0498716593347,0.244753545708902,0.1971154372714769,161.64129605758038,0.2071018206068066,23.01460145795766,5.8125866442411445,33.9941458216328,0.7402340134551961,48.683578968048096,ts_0090.npz,ts_0129_20260211_164237.npz,Success,384.73074721980623
91,131,905.7242781092498,751.142125413154,2123.074746823169,2492.143454966681,0.2111595186072449,0.1534267105039488,193.1713063173165,0.2414407160668389,23.599780829379807,4.838919801327764,33.94376946339446,0.5664105556116562,101.0967254638672,ts_0091.npz,ts_0131_20260211_164532.npz,Success,391.538539045773
92,133,908.915003758458,785.8520081962995,2325.9289156365053,2463.7095562709032,0.2058391427133774,0.1766485275199625,193.1072604885623,0.1924582606236983,20.05493659756412,4.033851522894263,34.14840533858188,0.9844373340134602,50.77275729179382,ts_0092.npz,ts_0133_20260211_164920.npz,Success,343.3362824848104
93,134,934.1400425796652,786.2628109989072,1996.907690071368,2304.634371054921,0.2469480284996093,0.1957502358931477,187.64192343936307,0.1589238765408546,20.62727529616667,3.863839458592283,34.13870343898844,0.991200818033189,48.87074589729309,ts_0093.npz,ts_0134_20260211_165010.npz,Success,364.2560056015543
94,136,840.1330353549475,754.6970127632068,2048.08823555283,2362.238290613433,0.2038382422249897,0.1456402338888602,238.58154324753303,0.2215428781722472,24.55230452901144,6.260363561067799,33.930407823523865,0.461206605814359,47.78183150291443,ts_0094.npz,ts_0136_20260211_165306.npz,Success,392.6498024905111
95,137,842.8902387034844,787.2700879037006,2219.361754672384,2507.460760478454,0.2239030136474468,0.1871218924427966,186.2233201343487,0.1065008000927822,22.91631912688163,6.89430840820156,34.0752269215896,0.9080626653802876,48.81042289733887,ts_0095.npz,ts_0137_20260211_165353.npz,Success,367.8656143872382
96,138,864.0805739217092,802.9579686064776,2353.996378395544,2386.4776833003243,0.2368398511513073,0.1567138726174641,233.145510033309,0.1725615736968941,24.15632012941297,5.99187719521268,33.94280398476832,0.5736605069863402,49.97003650665283,ts_0096.npz,ts_0138_20260211_165442.npz,Success,393.10546936055334
97,140,911.6061270153584,775.9605071314708,2369.125554028564,2411.098041202325,0.2007879852877277,0.154359515128118,158.23639404736744,0.1257168083183955,20.6583023980588,4.03279857120095,34.20333365010924,0.9962770190944864,49.03144979476929,ts_0097.npz,ts_0140_20260211_165738.npz,Success,340.02346303747845
98,142,931.723673361412,786.9379762247648,2178.642671385725,2190.2952492269983,0.2335762833300338,0.1841889927015601,172.56165641287103,0.2017013342724979,20.71799076254648,6.339664385980663,34.11628293505885,0.9858561931156056,49.039092779159546,ts_0098.npz,ts_0142_20260211_170034.npz,Success,360.3813228760027
99,143,907.7862301629729,756.9737037910987,1894.3522955658125,2069.177082003135,0.2382120010824052,0.1962979642851916,226.65113120924576,0.1346806027863907,22.756963640734604,5.364123126532746,33.97205687963566,0.8048155276594692,49.08289790153504,ts_0099.npz,ts_0143_20260211_170123.npz,Success,397.0409962551193
100,146,905.6030345442348,799.3806911624655,2368.3552580283936,2554.856098873623,0.221078702339085,0.1668193957058828,187.4160509736939,0.1974277588356648,22.846426537826066,4.065372402776924,33.95458948844026,0.712227412510689,50.223010301589966,ts_0100.npz,ts_0146_20260211_170627.npz,Success,396.6179067922217
101,148,849.9642947788541,809.9190814820952,1988.1886154440192,2251.876164907341,0.2415254932560355,0.1987254615273801,208.34020318607736,0.1381519857788674,21.22970383349798,6.844948379626113,34.08627223191189,0.9773571954923032,51.03938293457031,ts_0101.npz,ts_0148_20260211_170924.npz,Success,372.3814068490228
102,149,908.4402852764464,807.8975597880863,2106.5838556673943,2327.003806950687,0.2220773089773094,0.1856561518114953,225.00390693811747,0.1593889949491657,20.491210356853863,6.949911728670926,34.12668980564172,0.990876829190472,48.81956958770752,ts_0102.npz,ts_0149_20260211_171015.npz,Success,361.5511637368027
103,152,850.1080935966655,780.4480177942627,2390.596840043259,2453.2597542181834,0.2074752315114363,0.1542407760552038,191.1495938004374,0.1208092120139558,20.843628710826565,4.267093111135325,34.16495032816499,0.9924797783326884,49.07984399795532,ts_0103.npz,ts_0152_20260211_171517.npz,Success,353.1191733756606
104,153,864.4785104083304,808.3847593531254,2052.039354187802,2351.441010147216,0.2114434998585904,0.1893917677982638,200.1159158921202,0.2408957653691561,23.7017623645722,5.1129998658442855,33.93660702616512,0.5535749258724947,48.917151927948,ts_0104.npz,ts_0153_20260211_171606.npz,Success,393.0202393418337
105,154,853.2050667361943,789.7003483633495,2303.0904377174184,2528.5381369102943,0.2498637957010645,0.1621626708098879,154.61553162176563,0.1166528367244734,23.96860370474635,4.455684508992553,34.086430153263905,0.8347289063477723,48.945053577423096,ts_0105.npz,ts_0154_20260211_171655.npz,Success,351.2757642809895
106,156,860.7394550272177,846.0865725854371,2178.6040097020727,2524.7750767776524,0.2138211876694306,0.1988214708562877,178.41672423270683,0.2283322437986868,22.738377071647967,5.684965160326976,33.94727217543624,0.6943980249163234,48.98437404632568,ts_0106.npz,ts_0156_20260211_171950.npz,Success,399.16694004307135
107,158,941.4304409640775,794.4489023837912,2263.3924415262727,2482.4546764764564,0.2253285639903081,0.1407319689077517,246.9880528309386,0.1265419050076385,24.197171045484104,5.272353749397594,33.97455942577659,0.646083461876949,49.17302775382996,ts_0107.npz,ts_0158_20260211_172245.npz,Success,384.0833598710034
108,159,879.5981451218138,842.2743494573023,2100.781488585792,2512.084282826535,0.2077897391889406,0.1465020741278958,154.6719173891628,0.1712673418566866,20.54300052683636,4.731373371945394,34.18734923794341,0.9941087704238156,48.93078303337097,ts_0108.npz,ts_0159_20260211_172335.npz,Success,342.80016842100616
109,161,848.8465864840679,800.4634640734131,2043.537552176812,2175.8364835037555,0.2084798709521457,0.1977292562270122,203.20792053851903,0.2283435694541621,21.03836712597139,4.43696483454227,33.964262630066344,0.8682521883895298,49.000752210617065,ts_0109.npz,ts_0161_20260211_172630.npz,Success,400.32405123427117
110,163,936.1878978267736,849.6695185805903,2298.0011525389014,2442.8317347959355,0.2010004475729931,0.1448156897764128,205.57158321211773,0.196150464168746,20.99530641340516,5.501722854458162,34.01224110549333,0.9259717789713644,48.8333683013916,ts_0110.npz,ts_0163_20260211_172926.npz,Success,391.03955178505214
111,165,865.3045385049663,831.6740733106315,1808.501887645264,2083.799695201368,0.2479595490355638,0.1761470357391102,167.0785597242991,0.2335484163823473,23.45107050188303,3.8507651349610432,33.98106656277787,0.6351411961284583,48.78089928627014,ts_0111.npz,ts_0165_20260211_173221.npz,Success,384.4866841281773
112,166,866.3861825997756,751.0609579270051,2095.1797039616768,2567.2254893969525,0.2168109622852093,0.173643752372237,244.2168015512497,0.1219580267646891,23.391105194914715,5.19298739336187,33.97250375404582,0.748608591482875,47.87496972084045,ts_0112.npz,ts_0166_20260211_173310.npz,Success,391.60643438242056
113,167,841.0953812743244,820.8431764285908,2121.8901818294803,2529.592076491822,0.2170525724676951,0.1859160804694916,171.3938239274737,0.1956386380966525,20.15075615322196,5.086341799516049,34.21601769414781,0.9962195163041546,48.95993232727051,ts_0113.npz,ts_0167_20260211_173357.npz,Success,332.0297338358881
114,168,862.5236978644783,834.2191505470767,1884.4090785264327,2572.985939618178,0.2065434101369003,0.1820954628639646,248.1091560712192,0.1615636536623748,21.708410191793565,6.95374825134186,33.95337523691671,0.8501970829931805,47.89184069633484,ts_0114.npz,ts_0168_20260211_173446.npz,Success,406.3439391132619
115,169,832.5753318840931,797.899797026697,2246.166861151853,2557.655829578569,0.2239717164014992,0.1459897453118876,216.65490777627093,0.1361610185563971,22.836757250312893,4.514993464736258,33.98008295503877,0.8014957462434175,49.04480886459351,ts_0115.npz,ts_0169_20260211_173534.npz,Success,392.45189848584846
116,170,910.8294750477882,808.2680118448105,2174.107451581004,2474.638746300062,0.2395533193655502,0.1777022267309657,214.8200645314544,0.2485552985932874,22.31743581630548,6.584510603426607,33.88521089329032,0.652853531203738,48.980353116989136,ts_0116.npz,ts_0170_20260211_173623.npz,Success,417.7686166588693
117,172,853.5476457730634,847.9488590009137,1865.475781103364,2242.9130559771806,0.2045208492734942,0.1825544821759571,189.12110258596203,0.2456278119859608,20.07363721741449,4.943024885052796,34.18692050546156,0.993946533861496,51.073490619659424,ts_0117.npz,ts_0172_20260211_173919.npz,Success,337.2717949054143
118,173,847.5670563951494,777.5520647624172,2384.4255780387475,2398.159425627202,0.2039589826697113,0.1880850626910341,231.469522938742,0.1177777518110151,24.705973045319507,6.798186797696472,34.01232468829903,0.6401190780669495,48.78150701522827,ts_0118.npz,ts_0173_20260211_174010.npz,Success,372.1823697678269
119,177,843.2182161187907,813.8849604537162,2374.60330960436,2550.7287394088744,0.2165084461118837,0.1986254378743056,211.41312149777585,0.216156144988322,20.01970560419348,4.284127497547595,34.18152563322468,0.9954169936732687,49.16244912147522,ts_0119.npz,ts_0177_20260211_174718.npz,Success,343.1078107676101
120,178,805.8672510798156,751.668170472791,1887.448812884,2221.540536895985,0.2075244067085142,0.1506505753936737,233.82048165397524,0.1241295987242238,22.30730659987121,4.5024050936081,33.98738552273892,0.8652113180794264,51.07101273536682,ts_0120.npz,ts_0178_20260211_174807.npz,Success,397.3291192522037
121,179,918.8019759939928,761.2142917670387,2065.5559186859164,2107.887057386848,0.2008091609002505,0.1472850697163309,156.9479580386442,0.2125458131369421,23.49458555379864,5.641904837532136,34.00507018181975,0.6871376606309504,48.86024832725525,ts_0121.npz,ts_0179_20260211_174858.npz,Success,376.9171848957408
122,183,832.1019533777276,763.5896194294157,2062.629124193114,2435.5337405179307,0.2456333425297338,0.1515836140514035,229.4518147695784,0.1693134127170164,22.70783930367277,5.190602629850201,33.92310680140503,0.719905106171677,49.25074791908264,ts_0122.npz,ts_0183_20260211_175609.npz,Success,409.5854302861428
123,185,883.3645600187648,821.0996877482362,1864.637319430368,2050.370465350036,0.2453706980946577,0.1713818314924309,208.19794452734328,0.1579103130514725,22.31693263006676,4.021976913184318,33.975654133662886,0.8234614291359668,49.19593811035156,ts_0123.npz,ts_0185_20260211_175905.npz,Success,394.99249108840297
124,186,934.6573526501631,774.0818118312827,2294.568167000828,2481.422053342785,0.2474211591365416,0.1657517568753624,231.27598541476488,0.2433552960559495,21.097143746583875,4.529228892387593,33.88964895313609,0.7700262771849764,49.05392408370972,ts_0124.npz,ts_0186_20260211_175954.npz,Success,419.4618320587858
125,187,938.1941847773404,781.258692467426,1919.1569586833048,2114.35188219198,0.2471229216389786,0.150514056803953,220.5187341596114,0.1090203570482036,21.51860979650092,6.489984662378658,34.09714687771248,0.9801911507809796,47.94939231872559,ts_0125.npz,ts_0187_20260211_180043.npz,Success,370.98896686487944
126,189,910.0730847981744,795.9749914792144,2328.167399024592,2483.5302077703864,0.2357790379649603,0.1919339177846688,211.06259560663284,0.2317564457651926,22.374572224826167,5.67613672468631,33.88793239326026,0.663687272114444,48.89163422584534,ts_0126.npz,ts_0189_20260211_180338.npz,Success,418.7111892957636
127,190,851.9677530964326,835.8998599504904,2276.477894630837,2281.9633129009026,0.2291847728768112,0.1903850226770068,183.4381094187716,0.2425923424461673,22.6552652588337,6.710437058212164,33.93564478539446,0.6785244278312603,48.76784157752991,ts_0127.npz,ts_0190_20260211_180427.npz,Success,402.53339133447236
128,192,905.1425275337324,753.2717119456432,2375.102182819919,2536.524979092904,0.2385221216809394,0.1450030279573024,195.88324635403364,0.122594856048444,20.78433030966941,3.651257690793414,34.15143299251122,0.9920826813394438,50.68067598342896,ts_0128.npz,ts_0192_20260211_180722.npz,Success,359.90728315047915
129,193,825.588693217269,799.5998425771575,1838.9936087747608,2391.1789904496973,0.2377884103562927,0.1767585191475381,162.6465361105567,0.1402984111691356,23.928448093422368,6.1528112390528165,34.05561983786242,0.7722956345127922,49.573559284210205,ts_0129.npz,ts_0193_20260211_180812.npz,Success,362.8167197644362
130,194,930.157988337582,773.1002109114005,2281.058681320566,2469.8808217955534,0.2295569538248189,0.1505445950071266,153.5207311873547,0.1775475780677607,24.08036411808072,3.2041628162086133,34.09170476167867,0.7701764139593518,51.6121506690979,ts_0130.npz,ts_0194_20260211_180902.npz,Success,346.73246603479487
131,196,829.3026620505268,778.0513952238418,2059.195544870777,2591.717879633369,0.2386475811372592,0.1847507310117841,184.410197908552,0.2352600821708294,21.985545080349745,5.898776546641939,33.94660714859418,0.7617623284640297,49.130194664001465,ts_0131.npz,ts_0196_20260211_181201.npz,Success,403.3121254308714
132,197,800.2598094331053,774.7660823528641,2209.538069689658,2477.110904844297,0.2448640203260362,0.1875219253167976,193.29763605577725,0.2181204671179961,20.180292491285925,5.871644908159774,34.164274657878025,0.9931080172568988,48.89761447906494,ts_0132.npz,ts_0197_20260211_181250.npz,Success,347.5071781300515
133,198,850.7104145226377,770.5640173280566,2060.131019978104,2097.809581939874,0.2256955326376,0.1611119607444382,183.1539438868369,0.1680288644172666,24.102283340314045,4.883187846397854,34.00620267510641,0.6582174583318029,47.9163122177124,ts_0133.npz,ts_0198_20260211_181339.npz,Success,373.10063639982394
134,200,886.5457767338268,771.751394830063,2014.063733427304,2163.4729924060057,0.2166769898609911,0.1804839565196979,248.07217137410464,0.153106442844644,23.971880425312257,6.6681830263831925,33.937704648853014,0.6128069522891706,48.90284776687622,ts_0134.npz,ts_0200_20260211_181633.npz,Success,397.164505135547
